<?xml version="1.1" ?>
<settings>
    <global>
        <NpcName>
            <Font>Libre Franklin Medium, Libre Franklin Regular, Libre Franklin</Font>
            <Size>12</Size>
            <Width>200</Width>
            <Height>2</Height>
            <OffsetX>8</OffsetX>
            <OffsetY>-1</OffsetY>
            <TextOffsetX>5</TextOffsetX>
            <TextOffsetY>-23</TextOffsetY>
            <Color>
                <Alpha>255</Alpha>
                <Blue>255</Blue>
                <Green>255</Green>
                <Red>255</Red>
            </Color>
            <Stroke>
                <Alpha>150</Alpha>
                <Blue>0</Blue>
                <Green>0</Green>
                <Red>0</Red>
                <Width>1.5</Width>
            </Stroke>
        </NpcName>
        <Message>
            <FontEnglish>Libre Franklin Medium, Libre Franklin Regular, Libre Franklin</FontEnglish>
            <FontJapanese>Meiryo</FontJapanese>
            <Size>12</Size>
            <MaxLength>75</MaxLength>
            <Width>750</Width>
            <Height>150</Height>
            <TextOffsetX>30</TextOffsetX>
            <TextOffsetY>5</TextOffsetY>
            <TextMarginRight>30</TextMarginRight>
            <Dialogue>
                <Color>
                    <Alpha>255</Alpha>
                    <Blue>255</Blue>
                    <Green>255</Green>
                    <Red>255</Red>
                </Color>
                <Gear>255,50,255</Gear>
                <Items>100,255,100</Items>
                <KeyItems>100,150,255</KeyItems>
                <RoE>255,140,0</RoE>
                <Emote>125,175,255</Emote>
                <Stroke>
                    <Alpha>150</Alpha>
                    <Blue>0</Blue>
                    <Green>0</Green>
                    <Red>0</Red>
                    <Width>1.5</Width>
                </Stroke>
            </Dialogue>
        </Message>
        <Prompt>
            <Width>36</Width>
            <Height>36</Height>
            <OffsetX>750</OffsetX>
            <OffsetY>0</OffsetY>
        </Prompt>
        <Timer>
            <TextOffsetX>750</TextOffsetX>
            <TextOffsetY>0</TextOffsetY>
        </Timer>
        <Portrait>
            <Width>96</Width>
            <Height>96</Height>
            <OffsetX>0</OffsetX>
            <OffsetY>-95</OffsetY>
        </Portrait>
    </global>
</settings>
