<?xml version="1.1" ?>
<settings>
    <global>
        <NpcName>
            <Font>DotGothic16, DePixel</Font>
            <Size>12</Size>
            <Width>254</Width>
            <Height>43</Height>
            <OffsetX>15</OffsetX>
            <OffsetY>-30</OffsetY>
            <TextOffsetX>30</TextOffsetX>
            <TextOffsetY>-24</TextOffsetY>
            <Color>
                <Alpha>255</Alpha>
                <Blue>255</Blue>
                <Green>255</Green>
                <Red>255</Red>
            </Color>
            <Stroke>
                <Alpha>200</Alpha>
                <Blue>0</Blue>
                <Green>0</Green>
                <Red>0</Red>
                <Width>2</Width>
            </Stroke>
        </NpcName>
        <Message>
            <FontEnglish>DotGothic16, DePixel</FontEnglish>
            <FontJapanese>DotGothic16</FontJapanese>
            <Size>12</Size>
            <MaxLength>75</MaxLength>
            <Width>660</Width>
            <Height>142</Height>
            <TextOffsetX>20</TextOffsetX>
            <TextOffsetY>15</TextOffsetY>
            <TextMarginRight>20</TextMarginRight>
            <Dialogue>
                <Color>
                    <Alpha>255</Alpha>
                    <Blue>255</Blue>
                    <Green>255</Green>
                    <Red>255</Red>
                </Color>
                <Gear>255,50,255</Gear>
                <Items>100,255,100</Items>
                <KeyItems>100,150,255</KeyItems>
                <RoE>255,140,0</RoE>
            </Dialogue>
            <System>
                <Color>
                    <Alpha>255</Alpha>
                    <Blue>255</Blue>
                    <Green>255</Green>
                    <Red>255</Red>
                </Color>
                <Gear>255,50,255</Gear>
                <Items>100,255,100</Items>
                <KeyItems>100,150,255</KeyItems>
                <RoE>255,140,0</RoE>
            </System>
        </Message>
        <Prompt>
            <Width>30</Width>
            <Height>20</Height>
            <OffsetX>620</OffsetX>
            <OffsetY>120</OffsetY>
        </Prompt>
        <Timer>
            <TextOffsetX>620</TextOffsetX>
            <TextOffsetY>110</TextOffsetY>
        </Timer>
    </global>
</settings>
