<?xml version="1.1" ?>
<settings>
    <global>
        <NpcName>
            <Font>Segoe UI, Calibri, Cambria</Font>
            <Size>12</Size>
            <Width>360</Width>
            <Height>43</Height>
            <OffsetX>-8</OffsetX>
            <OffsetY>-18</OffsetY>
            <TextOffsetX>40</TextOffsetX>
            <TextOffsetY>-13</TextOffsetY>
            <Color>
                <Alpha>255</Alpha>
                <Blue>255</Blue>
                <Green>245</Green>
                <Red>235</Red>
            </Color>
            <Stroke>
                <Alpha>200</Alpha>
                <Blue>0</Blue>
                <Green>0</Green>
                <Red>0</Red>
                <Width>2</Width>
            </Stroke>
        </NpcName>
        <Message>
            <FontEnglish>Segoe UI, Calibri, Cambria</FontEnglish>
            <FontJapanese>Meiryo</FontJapanese>
            <Size>10</Size>
            <MaxLength>81</MaxLength>
            <Width>610</Width>
            <Height>128</Height>
            <TextOffsetX>20</TextOffsetX>
            <TextOffsetY>20</TextOffsetY>
            <TextMarginRight>20</TextMarginRight>
            <Dialogue>
                <Color>
                    <Alpha>255</Alpha>
                    <Blue>255</Blue>
                    <Green>255</Green>
                    <Red>255</Red>
                </Color>
                <Gear>255,50,255</Gear>
                <Items>100,255,100</Items>
                <KeyItems>100,150,255</KeyItems>
                <RoE>255,140,0</RoE>
                <Stroke>
                    <Alpha>200</Alpha>
                    <Blue>0</Blue>
                    <Green>0</Green>
                    <Red>0</Red>
                    <Width>1</Width>
                </Stroke>
            </Dialogue>
        </Message>
        <Prompt>
            <Width>26</Width>
            <Height>16</Height>
            <OffsetX>575</OffsetX>
            <OffsetY>105</OffsetY>
        </Prompt>
        <Timer>
            <TextOffsetX>580</TextOffsetX>
            <TextOffsetY>100</TextOffsetY>
        </Timer>
        <Portrait>
            <Width>96</Width>
            <Height>96</Height>
            <OffsetX>0</OffsetX>
            <OffsetY>-96</OffsetY>
        </Portrait>
    </global>
</settings>
