<?xml version="1.1" ?>
<settings>
    <global>
        <NpcName>
            <Font>Segoe UI, Calibri, Cambria</Font>
            <Size>12</Size>
            <Width>360</Width>
            <Height>43</Height>
            <OffsetX>10</OffsetX>
            <OffsetY>-23</OffsetY>
            <TextOffsetX>60</TextOffsetX>
            <TextOffsetY>-15</TextOffsetY>
            <Color>
                <Alpha>255</Alpha>
                <Blue>255</Blue>
                <Green>255</Green>
                <Red>255</Red>
            </Color>
            <Stroke>
                <Alpha>200</Alpha>
                <Blue>0</Blue>
                <Green>0</Green>
                <Red>0</Red>
                <Width>2</Width>
            </Stroke>
        </NpcName>
        <Message>
            <FontEnglish>Segoe UI, Calibri, Cambria</FontEnglish>
            <FontJapanese>Meiryo</FontJapanese>
            <Size>11</Size>
            <MaxLength>81</MaxLength>
            <Width>647</Width>
            <Height>127</Height>
            <TextOffsetX>45</TextOffsetX>
            <TextOffsetY>15</TextOffsetY>
            <TextMarginRight>45</TextMarginRight>
            <Dialogue>
                <Color>
                    <Alpha>255</Alpha>
                    <Blue>0</Blue>
                    <Green>0</Green>
                    <Red>0</Red>
                </Color>
                <Gear>177,26,177</Gear>
                <Items>84,155,17</Items>
                <KeyItems>97,127,217</KeyItems>
                <RoE>173,72,0</RoE>
            </Dialogue>
            <System>
                <Color>
                    <Alpha>255</Alpha>
                    <Blue>255</Blue>
                    <Green>255</Green>
                    <Red>255</Red>
                </Color>
                <Gear>255,50,255</Gear>
                <Items>100,255,100</Items>
                <KeyItems>100,150,255</KeyItems>
                <RoE>255,140,0</RoE>
            </System>
        </Message>
        <Prompt>
            <Width>13</Width>
            <Height>21</Height>
            <OffsetX>600</OffsetX>
            <OffsetY>90</OffsetY>
        </Prompt>
        <Timer>
            <TextOffsetX>580</TextOffsetX>
            <TextOffsetY>100</TextOffsetY>
            <Color>
                <Alpha>255</Alpha>
                <Blue>255</Blue>
                <Green>255</Green>
                <Red>255</Red>
            </Color>
            <Stroke>
                <Alpha>200</Alpha>
                <Blue>0</Blue>
                <Green>0</Green>
                <Red>0</Red>
                <Width>2</Width>
            </Stroke>
        </Timer>
        <Portrait>
            <Width>96</Width>
            <Height>96</Height>
            <OffsetX>33</OffsetX>
            <OffsetY>17</OffsetY>
            <MaxLength>64</MaxLength>
            <MessageTextOffsetX>135</MessageTextOffsetX>
            <MessageTextOffsetY>15</MessageTextOffsetY>
        </Portrait>
    </global>
</settings>
